Reading,Name,PlasticType,Color,MeasurementType,DateTime,nm940,nm1050,nm1200,nm1300,nm1450,nm1550,nm1650,nm1720,nm940_norm,nm1050_norm,nm1200_norm,nm1300_norm,nm1450_norm,nm1550_norm,nm1650_norm,nm1720_norm,nm940_snv,nm1050_snv,nm1200_snv,nm1300_snv,nm1450_snv,nm1550_snv,nm1650_snv,nm1720_snv,nm940_snvScaled,nm1050_snvScaled,nm1200_snvScaled,nm1300_snvScaled,nm1450_snvScaled,nm1550_snvScaled,nm1650_snvScaled,nm1720_snvScaled
1,calibration,calibration,,calibration,9/14/2024 11:00:00,463965,522644.22,482828.06,738003.75,747010.12,539360.13,388593.72,117542.85,,,,,,,,,,,,,,,,,,,,,,,,
2,SC07,PLA,,,9/14/2024 11:00:10,749713.75,789440.38,426438.06,629001.37,307830.44,448599.75,397407.59,251568.41,,,,,,,,,,,,,,,,,,,,,,,,
3,SC07,PLA,,,9/14/2024 11:00:20,755570.25,784488,407484.59,630718.12,305420.56,459122.84,398650.44,258545.48,,,,,,,,,,,,,,,,,,,,,,,,
4,SC07,PLA,,,9/14/2024 11:00:30,774384.63,756916.25,434302.44,649288.19,322683.69,448663.75,348335.22,265425.28,,,,,,,,,,,,,,,,,,,,,,,,
5,SC07,PLA,,,9/14/2024 11:00:40,775525.06,762002.5,430588.25,644650.25,329419.66,443585.91,345900.69,268327.47,,,,,,,,,,,,,,,,,,,,,,,,
6,SC02,PLA,,,9/14/2024 11:00:50,734010.25,753177.94,425480.75,678058.25,336686.13,484333.81,372219.94,216032.2,,,,,,,,,,,,,,,,,,,,,,,,
7,SC02,PLA,,,9/14/2024 11:01:00,740528.81,760170.81,404364.09,673044.69,335643.75,489461.09,357351.38,239435.88,,,,,,,,,,,,,,,,,,,,,,,,
8,SC02,PLA,,,9/14/2024 11:01:10,738727.69,765446.81,416681.12,658176.75,327763.84,487731.19,383182.44,222289.62,,,,,,,,,,,,,,,,,,,,,,,,
9,SC02,PLA,,,9/14/2024 11:01:20,733788.81,761162.56,417040.12,666632.69,333443.84,490016.34,382055.94,215857.95,,,,,,,,,,,,,,,,,,,,,,,,
10,calibration,calibration,,calibration,9/14/2024 11:01:30,232195.23,354763.03,589548.13,427821.97,398945.25,494962.41,613414.81,888404.31,,,,,,,,,,,,,,,,,,,,,,,,
11,SC03,PLA,,,9/14/2024 11:01:40,917845.44,625119,331178.19,436160.87,349002.84,321810.97,474481.5,544401.75,,,,,,,,,,,,,,,,,,,,,,,,
12,SC03,PLA,,,9/14/2024 11:01:50,922117,634338.87,322787.75,423722.06,374109,326850.94,479182.5,516892.06,,,,,,,,,,,,,,,,,,,,,,,,
13,SC03,PLA,,,9/14/2024 11:02:00,924450.38,619314.25,357337.81,432865.72,341491.59,319558.09,463440.75,541541.25,,,,,,,,,,,,,,,,,,,,,,,,
14,SC03,PLA,,,9/14/2024 11:02:10,923590.19,622119.75,340848.34,427758.25,348501.28,331056.87,460650.91,545474.5,,,,,,,,,,,,,,,,,,,,,,,,
15,SC11,PLA,,,9/14/2024 11:02:20,757017.31,730739.19,420971.22,702269.5,317059.97,459205.59,347751.78,264984.53,,,,,,,,,,,,,,,,,,,,,,,,
16,SC11,PLA,,,9/14/2024 11:02:30,762429.5,744063.06,449619.06,672424.37,322546.66,454442.28,339100.09,255374.47,,,,,,,,,,,,,,,,,,,,,,,,
17,SC11,PLA,,,9/14/2024 11:02:40,695504,816953.12,390810.94,618066.81,247778.58,497473,456986.09,276427.41,,,,,,,,,,,,,,,,,,,,,,,,
18,SC11,PLA,,,9/14/2024 11:02:50,690050.44,798066,350301.5,627472.69,255001.39,542407.88,468081.72,268619.22,,,,,,,,,,,,,,,,,,,,,,,,
19,SC18,PLA,,,9/14/2024 11:03:00,798156.06,756068.12,366973,603689.56,290758.63,468967.66,434625.97,280761.34,,,,,,,,,,,,,,,,,,,,,,,,
20,SC18,PLA,,,9/14/2024 11:03:10,806490,735150.12,310554.44,605302.75,280296.91,489640.06,455384.91,317181.03,,,,,,,,,,,,,,,,,,,,,,,,
21,SC18,PLA,,,9/14/2024 11:03:20,815944.19,724123.44,344702.84,637243.44,305093.72,469875.25,396229.31,306788.5,,,,,,,,,,,,,,,,,,,,,,,,
22,SC18,PLA,,,9/14/2024 11:03:30,812053.19,726257.63,378976.38,644446.31,294018.25,448984.81,394829.22,300433.31,,,,,,,,,,,,,,,,,,,,,,,,
23,SC13,PETG,,,9/14/2024 11:03:40,724698.62,764889.06,475898.5,640713,390762.16,490779.25,319376.47,192883.52,,,,,,,,,,,,,,,,,,,,,,,,
24,SC13,PETG,,,9/14/2024 11:03:50,713699.44,765170.87,477812.94,642966.44,396390.53,499616.41,321136.28,183206.7,,,,,,,,,,,,,,,,,,,,,,,,
25,SC13,PETG,,,9/14/2024 11:04:00,725370,760124,489417.84,644407.69,400847.13,483145.38,291943.16,204745.39,,,,,,,,,,,,,,,,,,,,,,,,
26,SC13,PETG,,,9/14/2024 11:04:10,726155.88,760376.31,475570.28,640498.87,403855.12,499075.72,290212.28,204254.67,,,,,,,,,,,,,,,,,,,,,,,,
27,SC12,PETG,,,9/14/2024 11:04:20,906959.19,612057.75,312897.84,435062.94,342209.16,323623.5,487014.87,580174.56,,,,,,,,,,,,,,,,,,,,,,,,
28,SC12,PETG,,,9/14/2024 11:04:30,908316.81,612032.06,307716.63,432182.56,347716.97,326733.12,489002.06,576300.06,,,,,,,,,,,,,,,,,,,,,,,,
29,SC12,PETG,,,9/14/2024 11:04:40,918655.38,603188.5,304324.84,445158.91,350756.12,337916,478536.09,561464.37,,,,,,,,,,,,,,,,,,,,,,,,
30,SC12,PETG,,,9/14/2024 11:04:50,924864,616941.13,349678.19,457005.06,371063.28,297954.75,447830.75,534662.94,,,,,,,,,,,,,,,,,,,,,,,,
31,SC04,PLA,,,9/14/2024 11:05:00,624470.13,714082.5,435596.66,775034.31,354012.03,525885.06,396920.81,173999.41,,,,,,,,,,,,,,,,,,,,,,,,
32,SC04,PLA,,,9/14/2024 11:05:10,641857.06,727200.69,444085.09,762092.19,332777.94,513448.19,387959.28,190580.47,,,,,,,,,,,,,,,,,,,,,,,,
33,SC04,PLA,,,9/14/2024 11:05:20,630106.56,701592,398324.56,771702.19,354425.91,572152.62,386230.84,185465.91,,,,,,,,,,,,,,,,,,,,,,,,
34,SC04,PLA,,,9/14/2024 11:05:30,646952.31,719286.94,448902.59,770371.19,348480.31,511932.66,354757.84,199316.06,,,,,,,,,,,,,,,,,,,,,,,,
35,SC17,TPU,,,9/14/2024 11:05:40,920244.81,604949.69,322590.94,433417.75,342839.94,330362.41,491515.59,554078.75,,,,,,,,,,,,,,,,,,,,,,,,
36,SC17,TPU,,,9/14/2024 11:05:50,891680.31,618745.13,291909.5,422448.16,349713.41,332881.59,481634.41,610987.69,,,,,,,,,,,,,,,,,,,,,,,,
37,SC17,TPU,,,9/14/2024 11:06:00,725119.69,464239.31,194985.75,701297.63,733530.87,438305.25,409973.78,332548.06,,,,,,,,,,,,,,,,,,,,,,,,
38,SC17,TPU,,,9/14/2024 11:06:10,757134.94,504481.44,209380.45,706111.75,697617.88,385651.63,390938.91,348682.22,,,,,,,,,,,,,,,,,,,,,,,,
39,SC16,TPU,,,9/14/2024 11:06:20,733268,780676.5,537671.25,629479.25,412570.72,335789.97,315254.69,255289.7,,,,,,,,,,,,,,,,,,,,,,,,
40,SC16,TPU,,,9/14/2024 11:06:30,745291.69,789484.5,548413.88,599075.25,394126.97,328638.28,322705.22,272264.38,,,,,,,,,,,,,,,,,,,,,,,,
41,SC16,TPU,,,9/14/2024 11:06:40,761197.19,792298,516668.5,593488,393734.81,334331.38,334638.5,273643.53,,,,,,,,,,,,,,,,,,,,,,,,
42,SC16,TPU,,,9/14/2024 11:06:50,769533.5,794756.81,519722.81,578557.81,376329.16,331931.34,342958.53,286209.84,,,,,,,,,,,,,,,,,,,,,,,,
43,SC06,PLA,,,9/14/2024 11:07:00,732262,780570.94,420424.16,657018.12,316923.34,466871.25,389673.75,236256,,,,,,,,,,,,,,,,,,,,,,,,
44,SC06,PLA,,,9/14/2024 11:07:10,735179,777910.5,419514.31,646079.81,325072.25,475493.25,401271.44,219479.55,,,,,,,,,,,,,,,,,,,,,,,,
45,SC06,PLA,,,9/14/2024 11:07:20,741225.5,768536.94,428252.41,662903.81,337906.37,474565.09,346434.72,240174.63,,,,,,,,,,,,,,,,,,,,,,,,
46,SC06,PLA,,,9/14/2024 11:07:30,741226.19,763506.81,436801.25,670168.75,331702.5,467333.75,347913.5,241347.41,,,,,,,,,,,,,,,,,,,,,,,,
47,SC15,PETG,,,9/14/2024 11:07:40,730340.12,799439.94,449355.16,611727.44,357344.25,488182.53,338915.12,224695.36,,,,,,,,,,,,,,,,,,,,,,,,
48,SC15,PETG,,,9/14/2024 11:07:50,736712.25,792169.37,407531.13,609348.63,360317.44,522924.19,340445.56,230551.78,,,,,,,,,,,,,,,,,,,,,,,,
49,SC15,PETG,,,9/14/2024 11:08:00,746906.25,734355.38,445976.5,670566.06,402108.34,488170.75,296383.81,215533.41,,,,,,,,,,,,,,,,,,,,,,,,
50,SC15,PETG,,,9/14/2024 11:08:10,735072.69,743102.06,466429.59,667947.5,391608.91,489863.97,287822.44,218152.19,,,,,,,,,,,,,,,,,,,,,,,,
51,SC14,PETG,,,9/14/2024 11:08:20,759894.06,731174.56,403168.44,661001.44,415542.41,508041.44,291268,229909.72,,,,,,,,,,,,,,,,,,,,,,,,
52,SC14,PETG,,,9/14/2024 11:08:30,779398.19,715029.5,469816.94,643888.69,396882.38,484391.53,296814.88,213778.16,,,,,,,,,,,,,,,,,,,,,,,,
53,SC14,PETG,,,9/14/2024 11:08:40,734089.19,798717.19,446316.97,610036.25,358651.16,490100.59,331143.56,230945.28,,,,,,,,,,,,,,,,,,,,,,,,
54,SC14,PETG,,,9/14/2024 11:08:50,740604.56,793298.44,425321.69,610879.19,357700.91,503490.09,334079.41,234625.62,,,,,,,,,,,,,,,,,,,,,,,,
55,SC10,PLA,,,9/14/2024 11:09:00,778111.87,563433.81,159713.89,423916.5,384818.09,383556.5,612816.56,693631.12,,,,,,,,,,,,,,,,,,,,,,,,
56,SC10,PLA,,,9/14/2024 11:09:10,806987.13,573790.5,194633.12,414556.25,365060.81,364051.78,597945.62,682976.75,,,,,,,,,,,,,,,,,,,,,,,,
57,SC10,PLA,,,9/14/2024 11:09:20,796445.69,493180.5,172593.22,481596,397795.37,348664.25,614699.5,695026.5,,,,,,,,,,,,,,,,,,,,,,,,
58,SC10,PLA,,,9/14/2024 11:09:30,838667.69,655680.19,218964.44,517005.37,476288.78,259215.09,480523.94,553654.38,,,,,,,,,,,,,,,,,,,,,,,,
59,SC19,TPU,,,9/14/2024 11:09:40,777338.69,797661.13,513397.81,565974.25,374507.09,325951.97,344438.31,300730.56,,,,,,,,,,,,,,,,,,,,,,,,
60,SC19,TPU,,,9/14/2024 11:09:50,777421.75,798700.81,512187.53,564574.19,376261.94,328741.78,341231.94,300879.69,,,,,,,,,,,,,,,,,,,,,,,,
61,SC19,TPU,,,9/14/2024 11:10:00,744573.75,795083.37,508178.78,608131.5,408163.12,349818.87,341422.59,244627.84,,,,,,,,,,,,,,,,,,,,,,,,
62,SC19,TPU,,,9/14/2024 11:10:10,776171.62,792199.94,508770.87,579368.38,388994.69,321787.66,331155.59,301551,,,,,,,,,,,,,,,,,,,,,,,,
63,SC08,PLA,,,9/14/2024 11:10:20,752686.13,791276.81,429971.97,630922.06,314518.06,438012.69,381115.13,261497.44,,,,,,,,,,,,,,,,,,,,,,,,
64,SC08,PLA,,,9/14/2024 11:10:30,756520.19,792764.63,411089.66,627966.81,317176.41,446725.69,378217.75,269539.09,,,,,,,,,,,,,,,,,,,,,,,,
65,SC08,PLA,,,9/14/2024 11:10:40,771618.19,767134.75,437765.59,643860.13,333404.06,435395.06,341715,269107.06,,,,,,,,,,,,,,,,,,,,,,,,
66,SC08,PLA,,,9/14/2024 11:10:50,767121.69,770418.31,430622.31,643292.31,341686.78,445946.53,336189.28,264723.09,,,,,,,,,,,,,,,,,,,,,,,,
67,SC09,PLA,,,9/14/2024 11:11:00,896107.81,648046.37,297030.44,423799.97,347658.03,330121.91,513235.44,544000,,,,,,,,,,,,,,,,,,,,,,,,
68,SC09,PLA,,,9/14/2024 11:11:10,891120.69,655209.75,300167.59,421899.34,338435.16,333130.09,506031.88,554006.25,,,,,,,,,,,,,,,,,,,,,,,,
69,SC09,PLA,,,9/14/2024 11:11:20,921387.31,625053.81,327741.28,436342,355207.25,326150.66,473666.69,534450.94,,,,,,,,,,,,,,,,,,,,,,,,
70,SC09,PLA,,,9/14/2024 11:11:30,920724.12,625104.19,324699.19,438408.41,353300.28,329172.41,472074.22,536517.19,,,,,,,,,,,,,,,,,,,,,,,,
71,SC01,PLA,,,9/14/2024 11:11:40,912239.06,617379.19,310315.69,430335.16,347976.5,331970.59,487053.53,562730.44,,,,,,,,,,,,,,,,,,,,,,,,
72,SC01,PLA,,,9/14/2024 11:11:50,912891.5,617617.06,315442.41,436054.56,347299.47,324536.09,488685.25,557473.75,,,,,,,,,,,,,,,,,,,,,,,,
73,SC01,PLA,,,9/14/2024 11:12:00,921825.19,606225.94,313033.94,423977.34,358776.81,338388.13,478463.66,559308.94,,,,,,,,,,,,,,,,,,,,,,,,
74,SC01,PLA,,,9/14/2024 11:12:10,924765.25,597504.87,347631.16,410196.66,350955.16,322661.72,478131.94,568153.63,,,,,,,,,,,,,,,,,,,,,,,,
75,SL10,PLA,,,9/14/2024 11:12:20,891819,593976.75,294985,480816.25,348378.37,299234.25,482825.84,607963.69,,,,,,,,,,,,,,,,,,,,,,,,
76,SL10,PLA,,,9/14/2024 11:12:30,913533.63,561509.63,330268.34,420006.25,336037.25,323424.88,506139.63,609079.87,,,,,,,,,,,,,,,,,,,,,,,,
77,SL10,PLA,,,9/14/2024 11:12:40,894592.37,612783.88,287262.84,406821.78,343583.72,342597.81,523900.28,588456.94,,,,,,,,,,,,,,,,,,,,,,,,
78,SL10,PLA,,,9/14/2024 11:12:50,895608.81,614533.75,277863.59,427893.41,355141.75,332534.94,515390.47,581033,,,,,,,,,,,,,,,,,,,,,,,,
79,SC05,PLA,,,9/14/2024 11:13:00,849915.19,750278.56,454153,424368.13,270419.87,341659.94,505580.12,403625.28,,,,,,,,,,,,,,,,,,,,,,,,
80,SC05,PLA,,,9/14/2024 11:13:10,883069.38,695209.94,296422.19,429150.03,323990.31,370288.56,521923.47,479945.53,,,,,,,,,,,,,,,,,,,,,,,,
81,SC05,PLA,,,9/14/2024 11:13:20,923815.81,653046.75,330974.47,452322.09,336165.09,372133.97,448753.06,482788.56,,,,,,,,,,,,,,,,,,,,,,,,
82,SC05,PLA,,,9/14/2024 11:13:30,923231.5,642241.5,357996.31,458953.72,332403.69,333627.37,445356.41,506188.94,,,,,,,,,,,,,,,,,,,,,,,,
83,SL03,PETG,,,9/14/2024 11:13:40,908361.62,613508.06,305312.19,436773.91,350060.28,324249.53,490991.34,570742.69,,,,,,,,,,,,,,,,,,,,,,,,
84,SL03,PETG,,,9/14/2024 11:13:50,908388.94,608068.38,300411.03,423320.81,350672.03,336737.59,490103.59,582297.62,,,,,,,,,,,,,,,,,,,,,,,,
85,SL03,PETG,,,9/14/2024 11:14:00,915054.06,602199,309871.66,427601.81,378709.22,311375,482420.5,572768.69,,,,,,,,,,,,,,,,,,,,,,,,
86,SL03,PETG,,,9/14/2024 11:14:10,907978,635473.06,359209,487818.5,330729.38,294390.31,446478.84,537923.12,,,,,,,,,,,,,,,,,,,,,,,,
87,SL02,ASA,,,9/14/2024 11:14:20,912403.56,617112.25,317323.94,426222.72,350699.81,324936.59,486022.34,565278,,,,,,,,,,,,,,,,,,,,,,,,
88,SL02,ASA,,,9/14/2024 11:14:30,911664.19,615925.75,307102.34,423076.97,353201.53,331642.37,493862.69,563524.94,,,,,,,,,,,,,,,,,,,,,,,,
89,SL02,ASA,,,9/14/2024 11:14:40,920937.44,608012.75,317168.12,435203.25,359599.87,325250.09,480192.97,553635.56,,,,,,,,,,,,,,,,,,,,,,,,
90,SL02,ASA,,,9/14/2024 11:14:50,925021.44,607145.06,329385.22,433296,356534,324794.06,474800.78,549023.69,,,,,,,,,,,,,,,,,,,,,,,,
91,SL05,PETG,,,9/14/2024 11:15:00,694101.56,748755.37,482148.59,669593.44,419481,511882.84,293684.97,180352.78,,,,,,,,,,,,,,,,,,,,,,,,
92,SL05,PETG,,,9/14/2024 11:15:10,653381.19,735917.81,493603.72,692711.56,454541.5,520654.69,293331.34,155858.61,,,,,,,,,,,,,,,,,,,,,,,,
93,SL05,PETG,,,9/14/2024 11:15:20,670089.25,757338.5,476913.16,675001.37,433249.5,519112.06,295437.06,172859.11,,,,,,,,,,,,,,,,,,,,,,,,
94,SL05,PETG,,,9/14/2024 11:15:30,664990.88,736857.87,443368.34,673178.56,431259.22,578869.25,315937.16,155538.72,,,,,,,,,,,,,,,,,,,,,,,,
95,SL09,PLA,,,9/14/2024 11:15:40,674333.25,784843.06,504459.56,631891.44,426738.87,497412.72,313133.47,167187.59,,,,,,,,,,,,,,,,,,,,,,,,
96,SL09,PLA,,,9/14/2024 11:15:50,692560.88,785160.88,493169.53,642793.75,408040.69,488320.59,280331,209621.87,,,,,,,,,,,,,,,,,,,,,,,,
97,SL09,PLA,,,9/14/2024 11:16:00,737111.06,798621.5,471728.44,565159.25,380388.03,504717.72,343499.5,198774.45,,,,,,,,,,,,,,,,,,,,,,,,
98,SL09,PLA,,,9/14/2024 11:16:10,741535.31,796125.81,456694.84,566789.12,380584.41,514497.59,339313.75,204460.25,,,,,,,,,,,,,,,,,,,,,,,,
99,SL06,PETG,,,9/14/2024 11:16:20,910736.37,612717.06,309479.19,428132.91,350708.53,329399.13,484666.66,574160.25,,,,,,,,,,,,,,,,,,,,,,,,
100,SL06,PETG,,,9/14/2024 11:16:30,905674.56,613666.31,317203.91,433596.75,339565.25,326043.88,474590.44,589658.13,,,,,,,,,,,,,,,,,,,,,,,,
101,SL06,PETG,,,9/14/2024 11:16:40,905544.81,612676.87,318902.47,434083.31,336789.34,328975,468974.84,594053.75,,,,,,,,,,,,,,,,,,,,,,,,
102,SL06,PETG,,,9/14/2024 11:16:50,921579,621696.88,389994.44,412217.44,344633,316948.94,425816.72,567113.31,,,,,,,,,,,,,,,,,,,,,,,,
103,SL13,TPU,,,9/14/2024 11:17:00,775675.19,805871.63,359635.81,556364.69,332419.12,485521.28,411203.16,273309.06,,,,,,,,,,,,,,,,,,,,,,,,
104,SL13,TPU,,,9/14/2024 11:17:10,759033.62,821653.75,381269.75,578369,308061.91,460696.31,384512.38,306403.78,,,,,,,,,,,,,,,,,,,,,,,,
105,SL13,TPU,,,9/14/2024 11:17:20,779278.38,793562.19,373833.37,590257.37,368970.72,464660.44,363114.88,266322.13,,,,,,,,,,,,,,,,,,,,,,,,
106,SL13,TPU,,,9/14/2024 11:17:30,789926.06,777847.69,370795.31,597216.75,371294.81,467924.72,360921.87,264072,,,,,,,,,,,,,,,,,,,,,,,,
107,SL11,PLA,,,9/14/2024 11:17:40,524637.19,834083.69,407317.59,708910.81,274962.5,539977.06,458228,251882.31,,,,,,,,,,,,,,,,,,,,,,,,
108,SL11,PLA,,,9/14/2024 11:17:50,537564,821086.56,399471.34,730682.69,291532.16,532831.56,439848.41,246984.42,,,,,,,,,,,,,,,,,,,,,,,,
109,SL11,PLA,,,9/14/2024 11:18:00,576872.13,783680.31,415829,770332.19,321607.75,518662.09,363084.94,249931.86,,,,,,,,,,,,,,,,,,,,,,,,
110,SL11,PLA,,,9/14/2024 11:18:10,564738.81,772788.06,432305.41,779538.31,325500.47,521124.97,370442.81,233560.69,,,,,,,,,,,,,,,,,,,,,,,,
111,SL01,STONEFILL,,,9/14/2024 11:18:20,669095.19,768965.44,534750.75,719405.94,348055,363857.06,354659.59,241210.75,,,,,,,,,,,,,,,,,,,,,,,,
112,SL01,STONEFILL,,,9/14/2024 11:18:30,666292.69,765516.81,539025.19,723395.31,347751.75,364007.38,353273.97,240737.45,,,,,,,,,,,,,,,,,,,,,,,,
113,SL01,STONEFILL,,,9/14/2024 11:18:40,767597.81,745896.81,522321.66,654827.06,289578.06,304606.5,372374.94,342798.53,,,,,,,,,,,,,,,,,,,,,,,,
114,SL01,STONEFILL,,,9/14/2024 11:18:50,702151.94,756318.62,531608.31,704709.5,361015.56,366762.5,334434.78,242998.86,,,,,,,,,,,,,,,,,,,,,,,,
115,SL12,PLA,,,9/14/2024 11:19:00,684213.13,756677,474371.09,686216.56,368660.47,500996.94,355574.56,173290.25,,,,,,,,,,,,,,,,,,,,,,,,
116,SL12,PLA,,,9/14/2024 11:19:10,680852.06,753698.88,456614.19,687081.69,367462.59,523295.94,360248.31,170746.11,,,,,,,,,,,,,,,,,,,,,,,,
117,SL12,PLA,,,9/14/2024 11:19:20,606681.5,734923.75,508860.16,723577.31,435753.19,517330.13,336453.59,136421.63,,,,,,,,,,,,,,,,,,,,,,,,
118,SL12,PLA,,,9/14/2024 11:19:30,673699.63,752982.37,484792.72,690698,372744.56,507611.75,349739.69,167733.11,,,,,,,,,,,,,,,,,,,,,,,,
119,SL07,PETG,,,9/14/2024 11:19:40,851939.5,741092.62,478452.25,526880.5,391457.84,377730.41,351909.66,280536.72,,,,,,,,,,,,,,,,,,,,,,,,
120,SL07,PETG,,,9/14/2024 11:19:50,862761.69,742889.25,476113.88,504458.91,370039.69,372029.25,364700.75,307007.09,,,,,,,,,,,,,,,,,,,,,,,,
121,SL07,PETG,,,9/14/2024 11:20:00,865042,731129.12,493191.41,511030.37,377465.88,376777.06,328752.31,316611.41,,,,,,,,,,,,,,,,,,,,,,,,
122,SL07,PETG,,,9/14/2024 11:20:10,860593.38,721033.25,520869.12,525472.37,365566.87,357478.53,319899.59,329085.94,,,,,,,,,,,,,,,,,,,,,,,,
123,SL08,PETG,,,9/14/2024 11:20:20,905128.44,602359.19,293386.84,418772.31,350747.28,333707.72,519852.22,576046.44,,,,,,,,,,,,,,,,,,,,,,,,
124,SL08,PETG,,,9/14/2024 11:20:30,903859.37,608986.12,299657,414914,344643.25,334530.25,517006.16,576403.69,,,,,,,,,,,,,,,,,,,,,,,,
125,SL08,PETG,,,9/14/2024 11:20:40,918151.81,614698,314017.91,421540.06,367211.25,327969,477232.31,559179.75,,,,,,,,,,,,,,,,,,,,,,,,
126,SL08,PETG,,,9/14/2024 11:20:50,921805.37,604515.06,319898.31,431127,354954.37,328349.03,482931.84,556419.06,,,,,,,,,,,,,,,,,,,,,,,,
127,ON09,ASA,,,9/14/2024 11:21:00,713252.25,766326.81,455068.28,648240.69,416615.47,492256.34,330513.5,177725.78,,,,,,,,,,,,,,,,,,,,,,,,
128,ON09,ASA,,,9/14/2024 11:21:10,709562.38,763528,422552.59,650702.62,421172.59,518460.34,338511,175509.62,,,,,,,,,,,,,,,,,,,,,,,,
129,ON09,ASA,,,9/14/2024 11:21:20,719688.69,759607.38,446218.5,652415.94,418512.13,500557.25,315032.44,187967.5,,,,,,,,,,,,,,,,,,,,,,,,
130,ON09,ASA,,,9/14/2024 11:21:30,725458.37,765105.63,461381.72,642595.06,415211.19,487066.16,307680.5,195501.17,,,,,,,,,,,,,,,,,,,,,,,,
131,ON08,ABS,,,9/14/2024 11:21:40,704174.25,767527.94,464921.06,636769.19,437510.31,500849.59,321436.53,166811.27,,,,,,,,,,,,,,,,,,,,,,,,
132,ON08,ABS,,,9/14/2024 11:21:50,709267.69,768128.25,460584.62,636165.56,433348.37,500126.97,320139.13,172239,,,,,,,,,,,,,,,,,,,,,,,,
133,ON08,ABS,,,9/14/2024 11:22:00,703250.25,770407.06,476127.06,634902.31,441432.16,498654.16,290888.84,184339.84,,,,,,,,,,,,,,,,,,,,,,,,
134,ON08,ABS,,,9/14/2024 11:22:10,710762.62,761861.69,478891.34,631508.5,440049.25,503042.41,297214.5,176670.03,,,,,,,,,,,,,,,,,,,,,,,,
135,ON07,PETG,,,9/14/2024 11:22:20,695392.44,811692.5,451311.66,600928.44,348920,534354.19,349974.59,207426.22,,,,,,,,,,,,,,,,,,,,,,,,
136,ON07,PETG,,,9/14/2024 11:22:30,707090.94,809380.13,429693.63,607595,362955.78,521268.72,350753.62,211261.89,,,,,,,,,,,,,,,,,,,,,,,,
137,ON07,PETG,,,9/14/2024 11:22:40,777754.75,735374.25,417781.44,647872.31,377153.25,498173.94,290589.31,255300.8,,,,,,,,,,,,,,,,,,,,,,,,
138,ON07,PETG,,,9/14/2024 11:22:50,765250.62,723920.13,471298.31,634321.44,406997.34,508881.81,272188.25,217140.89,,,,,,,,,,,,,,,,,,,,,,,,
139,ON06,PETG,,,9/14/2024 11:23:00,612189.81,729023.63,499251.97,735601,446664.81,521449.63,291479.66,164339.86,,,,,,,,,,,,,,,,,,,,,,,,
140,ON06,PETG,,,9/14/2024 11:23:10,633840.31,738114.69,495698,717386,423955,529931.69,286277.03,174797.47,,,,,,,,,,,,,,,,,,,,,,,,
141,ON06,PETG,,,9/14/2024 11:23:20,625709.19,739989.06,488696.41,725487.56,402935.22,536059.75,312296.53,168827,,,,,,,,,,,,,,,,,,,,,,,,
142,ON06,PETG,,,9/14/2024 11:23:30,616276.94,732973.88,501361.66,728649.44,413849.41,534999.75,312831.34,159058.09,,,,,,,,,,,,,,,,,,,,,,,,
143,ON05,PETG,,,9/14/2024 11:23:40,741563.56,753063.94,407716.34,658317.44,360519.84,521786.28,333223.78,223809.23,,,,,,,,,,,,,,,,,,,,,,,,
144,ON05,PETG,,,9/14/2024 11:23:50,733151.37,767675.5,450249.09,648652,361726.16,493166.34,331474.16,213905.05,,,,,,,,,,,,,,,,,,,,,,,,
145,ON05,PETG,,,9/14/2024 11:24:00,757787.44,707215.37,435718.97,700149.5,388096.66,483938.5,293675.59,233418.89,,,,,,,,,,,,,,,,,,,,,,,,
146,ON05,PETG,,,9/14/2024 11:24:10,745648.19,702661.62,431034.25,692017.81,391222,523636.22,313287.06,200491.98,,,,,,,,,,,,,,,,,,,,,,,,
147,ON04,PETG,,,9/14/2024 11:24:20,766532.19,734384,405461.47,644896.94,408457.63,515563.66,297825.75,226878.38,,,,,,,,,,,,,,,,,,,,,,,,
148,ON04,PETG,,,9/14/2024 11:24:30,781930.63,732383.81,473954.56,638546.06,377227.31,460819.38,299056.81,236081.25,,,,,,,,,,,,,,,,,,,,,,,,
149,ON04,PETG,,,9/14/2024 11:24:40,736197.31,797112.19,446484.53,612905.81,361071.75,481842.25,336104.72,228281.13,,,,,,,,,,,,,,,,,,,,,,,,
150,ON04,PETG,,,9/14/2024 11:24:50,739599.88,793887,422312.78,610610.69,357267.84,503933.44,341595.5,230793.11,,,,,,,,,,,,,,,,,,,,,,,,
151,ON03,PETG,,,9/14/2024 11:25:00,703684.69,765156.31,491590.88,646477.31,400905.97,497443.94,315225.72,179514.97,,,,,,,,,,,,,,,,,,,,,,,,
152,ON03,PETG,,,9/14/2024 11:25:10,706246.56,757847.44,491587.34,648982.37,408284.16,498594.5,313000.06,175457.55,,,,,,,,,,,,,,,,,,,,,,,,
153,ON03,PETG,,,9/14/2024 11:25:20,709213.44,751273.25,486406.38,653730.38,418346.87,502280,297470.53,181279.08,,,,,,,,,,,,,,,,,,,,,,,,
154,ON03,PETG,,,9/14/2024 11:25:30,692945.44,756312.88,499649.12,662655.19,417089.31,494659.66,296604.47,180083.53,,,,,,,,,,,,,,,,,,,,,,,,
155,ON02,PETG,,,9/14/2024 11:25:40,740877.81,766282.69,466531.09,634143.31,396499.91,480269.5,299139.06,216256.91,,,,,,,,,,,,,,,,,,,,,,,,
156,ON02,PETG,,,9/14/2024 11:25:50,738956.69,765121.06,473564.81,644068.19,386952.19,469326.28,300997.59,221013.61,,,,,,,,,,,,,,,,,,,,,,,,
157,ON02,PETG,,,9/14/2024 11:26:00,723478.37,771784.62,474491.16,636686.31,392052.63,487594,315733.41,198178.91,,,,,,,,,,,,,,,,,,,,,,,,
158,ON02,PETG,,,9/14/2024 11:26:10,723254,770300.38,447531.31,637743.75,394195.5,510357.38,318466.5,198151.13,,,,,,,,,,,,,,,,,,,,,,,,
159,ON0,TPU,,,9/14/2024 11:26:20,777144.81,771027.63,471341.78,633113.69,392520.97,321664.16,333371.91,299815.25,,,,,,,,,,,,,,,,,,,,,,,,
160,ON0,TPU,,,9/14/2024 11:26:30,780872.13,767388.56,468864.66,632027.12,397702.91,322594.09,337964.16,292586.28,,,,,,,,,,,,,,,,,,,,,,,,
161,ON0,TPU,,,9/14/2024 11:26:40,783874.5,787883.25,465333.19,602348.06,375801.56,327186.31,350508.37,307064.56,,,,,,,,,,,,,,,,,,,,,,,,
162,ON0,TPU,,,9/14/2024 11:26:50,781909,790477.19,467190.94,600555.94,375017.03,325416.06,350568.91,308865.47,,,,,,,,,,,,,,,,,,,,,,,,
163,BG09,PLA,,,9/14/2024 11:27:00,915551.87,608039.69,302106.25,420760.5,369137,330838.66,487873.84,565692.31,,,,,,,,,,,,,,,,,,,,,,,,
164,BG09,PLA,,,9/14/2024 11:27:10,920301.62,599794.37,327174.19,425321.5,347799.66,327131.56,484306.41,568171,,,,,,,,,,,,,,,,,,,,,,,,
165,BG09,PLA,,,9/14/2024 11:27:20,915358.63,612103.13,311673.62,427863.5,350871.28,331619.41,490812.59,559697.62,,,,,,,,,,,,,,,,,,,,,,,,
166,BG09,PLA,,,9/14/2024 11:27:30,913800.31,608704.62,307993,425579,350550.87,333448.22,493373.25,566550.69,,,,,,,,,,,,,,,,,,,,,,,,
167,BG08,PETG,,,9/14/2024 11:27:40,747477,763809.69,476388.41,636946.06,392262.81,459075.84,302619.34,221420.41,,,,,,,,,,,,,,,,,,,,,,,,
168,BG08,PETG,,,9/14/2024 11:27:50,724523.5,764343.88,471528.41,656263.63,398175.19,472403,304612.16,208150.27,,,,,,,,,,,,,,,,,,,,,,,,
169,BG08,PETG,,,9/14/2024 11:28:00,734399.5,787101.5,469522.25,618793.25,367324.06,476374.22,330644.34,215840.8,,,,,,,,,,,,,,,,,,,,,,,,
170,BG08,PETG,,,9/14/2024 11:28:10,740751.31,782471.31,452555.16,617677.19,365918.5,489326.09,336445.59,214854.45,,,,,,,,,,,,,,,,,,,,,,,,
171,BG07,PETG,,,9/14/2024 11:28:20,730961.81,796316.81,434459.75,614975.25,360510.78,499904.47,337740.53,225131.42,,,,,,,,,,,,,,,,,,,,,,,,
172,BG07,PETG,,,9/14/2024 11:28:30,732079.88,792981.94,446977.78,609041.19,364908.5,503180.97,332260.59,218569.92,,,,,,,,,,,,,,,,,,,,,,,,
173,BG07,PETG,,,9/14/2024 11:28:40,766400,745189.25,433883.19,659987.63,374941.59,471223.5,289927,258447.89,,,,,,,,,,,,,,,,,,,,,,,,
174,BG07,PETG,,,9/14/2024 11:28:50,778560.94,718944.94,464691,622081.25,402522.03,518434.34,267922.56,226843.19,,,,,,,,,,,,,,,,,,,,,,,,
175,BG06,PLA,,,9/14/2024 11:29:00,899751.44,629359.81,297354.66,427519.88,347263.47,327319.03,508809.31,562622.5,,,,,,,,,,,,,,,,,,,,,,,,
176,BG06,PLA,,,9/14/2024 11:29:10,903059.44,628377.5,299896.09,422141.78,350112.28,329261.22,510271.44,556880.31,,,,,,,,,,,,,,,,,,,,,,,,
177,BG06,PLA,,,9/14/2024 11:29:20,904269.56,564085.06,294806.75,434735.69,350084.97,325865.88,511398.97,614753.31,,,,,,,,,,,,,,,,,,,,,,,,
178,BG06,PLA,,,9/14/2024 11:29:30,910082,624906.5,300625.09,444729.5,374298.47,314041.09,479924.41,551393.25,,,,,,,,,,,,,,,,,,,,,,,,
179,BG05,ASA,,,9/14/2024 11:29:40,721530.38,778540.63,391671.78,643053.69,407062.87,510082.25,345707.06,202351.2,,,,,,,,,,,,,,,,,,,,,,,,
180,BG05,ASA,,,9/14/2024 11:29:50,691599.75,767388.25,400947.41,657190.06,437535.94,528192.19,348023.09,169123.25,,,,,,,,,,,,,,,,,,,,,,,,
181,BG05,ASA,,,9/14/2024 11:30:00,731170.75,757973.5,390734.69,656226.19,430229.59,506131.88,323540.97,203991.66,,,,,,,,,,,,,,,,,,,,,,,,
182,BG05,ASA,,,9/14/2024 11:30:10,730918,763151.5,384006.81,654184.81,422191.88,508706.28,326784.16,210056.72,,,,,,,,,,,,,,,,,,,,,,,,
183,BG04,PLA,,,9/14/2024 11:30:20,734882.5,782299.62,434201.38,656703.56,313707.87,454568.75,377613.66,246022.7,,,,,,,,,,,,,,,,,,,,,,,,
184,BG04,PLA,,,9/14/2024 11:30:30,739753.62,780554.5,414629.91,655206.87,313330.12,464808.28,381164.78,250552.03,,,,,,,,,,,,,,,,,,,,,,,,
185,BG04,PLA,,,9/14/2024 11:30:40,765723.31,764130.88,432224.59,650808.5,329092.66,451505.09,343958.03,262557.06,,,,,,,,,,,,,,,,,,,,,,,,
186,BG04,PLA,,,9/14/2024 11:30:50,759315.5,760987.19,443127.5,662085.19,323169.19,444220.75,345780.75,261313.89,,,,,,,,,,,,,,,,,,,,,,,,
187,BG03,ABS,,,9/14/2024 11:31:00,723141.31,765740.94,433360.5,639521.94,408343.16,512040.44,332760.41,185091.33,,,,,,,,,,,,,,,,,,,,,,,,
188,BG03,ABS,,,9/14/2024 11:31:10,725823.25,769507.13,434471.56,638184.31,403158.53,505554.19,332187.28,191113.72,,,,,,,,,,,,,,,,,,,,,,,,
189,BG03,ABS,,,9/14/2024 11:31:20,722727.81,770775.44,446791.81,631579.81,419659.72,507735.5,304119.12,196611.05,,,,,,,,,,,,,,,,,,,,,,,,
190,BG03,ABS,,,9/14/2024 11:31:30,722604.63,764239.75,460067.09,645462.38,413276.72,491929,308183.31,194237.25,,,,,,,,,,,,,,,,,,,,,,,,
191,BG02,PETG,,,9/14/2024 11:31:40,727563.94,761274.06,484035.84,639702.75,399247.25,491310.87,289542.56,207322.87,,,,,,,,,,,,,,,,,,,,,,,,
192,BG02,PETG,,,9/14/2024 11:31:50,727732.69,754519.69,492354.03,654219.62,397988.13,473308.72,290775.75,209101.75,,,,,,,,,,,,,,,,,,,,,,,,
193,BG02,PETG,,,9/14/2024 11:32:00,717260.81,771258.69,472613.53,638397.5,387732.16,498891,322248.75,191598.11,,,,,,,,,,,,,,,,,,,,,,,,
194,BG02,PETG,,,9/14/2024 11:32:10,703675.94,769566,483012.91,642099.31,398618.5,501065.78,325374.25,176586.89,,,,,,,,,,,,,,,,,,,,,,,,
195,BG01,PLA,,,9/14/2024 11:32:20,913411.5,616782.87,312464.88,423720.59,354593.75,328847.59,487876.88,562302.19,,,,,,,,,,,,,,,,,,,,,,,,
196,BG01,PLA,,,9/14/2024 11:32:30,910873.56,612602.75,311980.13,426918.88,348198.66,328115.31,489767.41,571543.5,,,,,,,,,,,,,,,,,,,,,,,,
197,BG01,PLA,,,9/14/2024 11:32:40,917795.19,610221.81,313047.66,421945,358412.47,333306.75,481427.63,563843.37,,,,,,,,,,,,,,,,,,,,,,,,
198,BG01,PLA,,,9/14/2024 11:32:50,922967.81,606077.19,336749.53,428099.59,346742.94,325208.69,475831.25,558323.06,,,,,,,,,,,,,,,,,,,,,,,,
199,ON10,PLA,,,9/14/2024 11:33:00,916960.62,610586.5,295637.78,422342.66,359087.78,348392.16,490522.25,556470.19,,,,,,,,,,,,,,,,,,,,,,,,
200,ON10,PLA,,,9/14/2024 11:33:10,908296.56,615542.31,298608.91,424264.62,346047.31,339749.69,502198.16,565292.75,,,,,,,,,,,,,,,,,,,,,,,,
201,ON10,PLA,,,9/14/2024 11:33:20,917463.19,619775.56,304962.34,441313.09,369494.84,326891.84,473344.91,546753.87,,,,,,,,,,,,,,,,,,,,,,,,
202,ON10,PLA,,,9/14/2024 11:33:30,912477.19,630788,322371.97,445738.34,375003.75,304298.78,458322.28,550999.63,,,,,,,,,,,,,,,,,,,,,,,,
203,ON11,PLA,,,9/14/2024 11:33:40,837026.44,726745.44,419178.12,599093.19,362692.87,447895.19,303264.28,304104.69,,,,,,,,,,,,,,,,,,,,,,,,
204,ON11,PLA,,,9/14/2024 11:33:50,829245.19,701648.25,465774,616354.88,375585.94,454843.75,292116.88,264431.91,,,,,,,,,,,,,,,,,,,,,,,,
205,ON11,PLA,,,9/14/2024 11:34:00,754849.56,804498.94,400476.84,553613.94,370271.09,497651.16,409319.34,209320.31,,,,,,,,,,,,,,,,,,,,,,,,
206,ON11,PLA,,,9/14/2024 11:34:10,776740.81,778362.56,366808.06,575272.31,326309.13,506183.94,429956.41,240365.84,,,,,,,,,,,,,,,,,,,,,,,,
207,ON12,PLA,,,9/14/2024 11:34:20,752837.69,750956.75,485207.44,641418.06,390323.78,464277.25,288701.87,226277.47,,,,,,,,,,,,,,,,,,,,,,,,
208,ON12,PLA,,,9/14/2024 11:34:30,752037.81,742970.31,497952.41,651492.19,385561.28,453606.84,292065.03,224314.02,,,,,,,,,,,,,,,,,,,,,,,,
209,ON12,PLA,,,9/14/2024 11:34:40,737329.87,773010.63,481875.97,638809.69,372050.91,454295.25,328271.53,214355.91,,,,,,,,,,,,,,,,,,,,,,,,
210,ON12,PLA,,,9/14/2024 11:34:50,744523.5,771728,472378.69,633239.81,367921.12,463117.38,330503.13,216588.7,,,,,,,,,,,,,,,,,,,,,,,,
211,ON13,PLA,,,9/14/2024 11:35:00,621658.38,730111.63,553938.25,730153.5,487951.78,419926.84,259628.47,196631.3,,,,,,,,,,,,,,,,,,,,,,,,
212,ON13,PLA,,,9/14/2024 11:35:10,667495.75,692950.62,423704.56,774278.37,460522.25,472735.69,326563.25,181749.34,,,,,,,,,,,,,,,,,,,,,,,,
213,ON13,PLA,,,9/14/2024 11:35:20,782558.5,731232.69,457673.84,627936.94,369847,499749.16,293901,237100.62,,,,,,,,,,,,,,,,,,,,,,,,
214,ON13,PLA,,,9/14/2024 11:35:30,757131.5,737215.63,481453.25,674741.5,360494.69,440454.47,304288.31,244220.64,,,,,,,,,,,,,,,,,,,,,,,,
215,ON14,PLA,,,9/14/2024 11:35:40,771917.87,782497.06,456076.22,591831.06,363409.47,455736.03,346099.09,232433.08,,,,,,,,,,,,,,,,,,,,,,,,
216,ON14,PLA,,,9/14/2024 11:35:50,766728.81,781378.06,481810.97,596006.06,365086.56,439157.53,338340.62,231491.25,,,,,,,,,,,,,,,,,,,,,,,,
217,ON14,PLA,,,9/14/2024 11:36:00,787536.37,751220.31,486668.56,605657.44,386022.16,442070.53,293886.31,246938.05,,,,,,,,,,,,,,,,,,,,,,,,
218,ON14,PLA,,,9/14/2024 11:36:10,783980.88,746973.19,496645.5,618420.75,375539.59,432730.91,296510,249199.8,,,,,,,,,,,,,,,,,,,,,,,,
219,ON15,PLA,,,9/14/2024 11:36:20,746860.31,790708.88,486456,582962.38,334794.47,475835.34,369940.91,212441.41,,,,,,,,,,,,,,,,,,,,,,,,
220,ON15,PLA,,,9/14/2024 11:36:30,756170.31,785062.19,457741.34,592145.19,347714.75,484357.94,358613.75,218194.67,,,,,,,,,,,,,,,,,,,,,,,,
221,ON15,PLA,,,9/14/2024 11:36:40,769318.87,753422.5,484640.53,624665.19,395671.47,444707.22,294870.13,232704.14,,,,,,,,,,,,,,,,,,,,,,,,
222,ON15,PLA,,,9/14/2024 11:36:50,750108.31,747226.06,486883.5,645888.31,411225.12,450697.84,295892.53,212079.59,,,,,,,,,,,,,,,,,,,,,,,,
223,ON16,PLA,,,9/14/2024 11:37:00,775164.69,781715.56,461736.75,599387,361141.88,439275.59,329980.94,251598.36,,,,,,,,,,,,,,,,,,,,,,,,
224,ON16,PLA,,,9/14/2024 11:37:10,788937.25,776996.19,423902.22,598526.19,353831.44,453251.09,337993.25,266562.38,,,,,,,,,,,,,,,,,,,,,,,,
225,ON16,PLA,,,9/14/2024 11:37:20,802086.69,745767.19,460421.16,605683.25,378838.38,448671.34,299822.25,258710.2,,,,,,,,,,,,,,,,,,,,,,,,
226,ON16,PLA,,,9/14/2024 11:37:30,797521.75,740560.56,480634.25,619088.44,376507.31,428465.16,296787.25,260435.38,,,,,,,,,,,,,,,,,,,,,,,,
227,ON17,PLA,,,9/14/2024 11:37:40,756114.5,790947.37,455836.22,591698.63,360805.5,468653,355526.09,220419.23,,,,,,,,,,,,,,,,,,,,,,,,
228,ON17,PLA,,,9/14/2024 11:37:50,752094.94,792177,478897.03,587652.81,364932.19,462594,340974.38,220678,,,,,,,,,,,,,,,,,,,,,,,,
229,ON17,PLA,,,9/14/2024 11:38:00,775374.5,751160.81,463479.91,626404.81,401217.91,450860.59,296226.91,235275.16,,,,,,,,,,,,,,,,,,,,,,,,
230,ON17,PLA,,,9/14/2024 11:38:10,749705.94,753044.88,473713.47,632344.62,423989.56,472305.69,272936.53,221959.06,,,,,,,,,,,,,,,,,,,,,,,,
231,ON18,PLA,,,9/14/2024 11:38:20,725457.63,772435.88,483136.28,639108.94,383968.88,472719.47,322506.06,200666.92,,,,,,,,,,,,,,,,,,,,,,,,
232,ON18,PLA,,,9/14/2024 11:38:30,743289,770562.69,456349.84,632272.44,363923.59,486737.69,331939.19,214924.8,,,,,,,,,,,,,,,,,,,,,,,,
233,ON18,PLA,,,9/14/2024 11:38:40,768737.75,743665.81,460634.34,653931,373337.44,455924.91,295373.06,248396.25,,,,,,,,,,,,,,,,,,,,,,,,
234,ON18,PLA,,,9/14/2024 11:38:50,754946.69,752145.25,475674.5,644027.62,379818.75,470724.31,282108.91,240554.2,,,,,,,,,,,,,,,,,,,,,,,,
235,ON19,PLA,,,9/14/2024 11:39:00,739869.63,784722.19,463706.25,624821,352007.53,470457.5,340762.03,223654.03,,,,,,,,,,,,,,,,,,,,,,,,
236,ON19,PLA,,,9/14/2024 11:39:10,746064.31,780693.38,454520,628682.44,348718.97,474258.09,332368.03,234694.7,,,,,,,,,,,,,,,,,,,,,,,,
237,ON19,PLA,,,9/14/2024 11:39:20,770648.19,748645.88,461178.06,640083.69,383953.75,457360.09,299458.16,238672.13,,,,,,,,,,,,,,,,,,,,,,,,
238,ON19,PLA,,,9/14/2024 11:39:30,741316.06,738866.12,479953.06,653823.25,404998.37,488025.97,284988.66,208028.33,,,,,,,,,,,,,,,,,,,,,,,,
239,ON20,PLA,,,9/14/2024 11:39:40,750057.25,707939.75,461495.09,683934.13,405724.75,494150.91,289213.56,207484.95,,,,,,,,,,,,,,,,,,,,,,,,
240,ON20,PLA,,,9/14/2024 11:39:50,737852.06,698647.69,465887,650130.75,433657.94,558584.75,272602.19,182636.83,,,,,,,,,,,,,,,,,,,,,,,,
241,ON20,PLA,,,9/14/2024 11:40:00,617692.5,735499.62,536951.44,752106.31,472269,406222.75,257184.23,222074.22,,,,,,,,,,,,,,,,,,,,,,,,
242,ON20,PLA,,,9/14/2024 11:40:10,696299.5,644913.31,448959.84,759211.87,447386,531751.81,295848.63,175629.02,,,,,,,,,,,,,,,,,,,,,,,,
243,ON21,PLA,,,9/14/2024 11:40:20,775257.19,780978.31,473501.94,599046.81,359385.56,427152.19,333852.19,250825.53,,,,,,,,,,,,,,,,,,,,,,,,
244,ON21,PLA,,,9/14/2024 11:40:30,783657.31,779849.87,449553.56,597257.19,351308.41,438991.84,339315.59,260066.45,,,,,,,,,,,,,,,,,,,,,,,,
245,ON21,PLA,,,9/14/2024 11:40:40,779762.5,750992.94,482848.78,626644,376579.88,434747.91,296027.37,252396.64,,,,,,,,,,,,,,,,,,,,,,,,
246,ON21,PLA,,,9/14/2024 11:40:50,765706.12,752526.69,483194.28,630895.06,398096.44,445322.59,291074.59,233184.03,,,,,,,,,,,,,,,,,,,,,,,,
247,ON22,PLA,,,9/14/2024 11:41:00,776437.25,779839.69,464618.75,599433.81,353551.25,438846.28,337077.94,250194.77,,,,,,,,,,,,,,,,,,,,,,,,
248,ON22,PLA,,,9/14/2024 11:41:10,784999.56,776439.63,429007.72,597874.5,360545.34,458718.16,338176.94,254238.69,,,,,,,,,,,,,,,,,,,,,,,,
249,ON22,PLA,,,9/14/2024 11:41:20,805247.44,742561.87,446274.09,606214.38,382124.53,459442.56,297206.75,260928.55,,,,,,,,,,,,,,,,,,,,,,,,
250,ON22,PLA,,,9/14/2024 11:41:30,799115.13,737092.94,475856.31,615010,380523.88,444741.41,294728.59,252932.12,,,,,,,,,,,,,,,,,,,,,,,,
251,ON23,PLA,,,9/14/2024 11:41:40,783987.25,747665.13,455277.88,622140.81,390736.91,461529.66,294432.78,244229.56,,,,,,,,,,,,,,,,,,,,,,,,
252,ON23,PLA,,,9/14/2024 11:41:50,768665,737910.5,494964.66,657595.25,365856.72,428296.75,288924.5,257786.3,,,,,,,,,,,,,,,,,,,,,,,,
253,ON23,PLA,,,9/14/2024 11:42:00,753566.06,799445.63,470842.97,592454.19,347315.56,446438.78,351453.53,238482.88,,,,,,,,,,,,,,,,,,,,,,,,
254,ON23,PLA,,,9/14/2024 11:42:10,768158.19,790222.94,423457,592348.75,347417.81,471356.84,367407.19,239630.87,,,,,,,,,,,,,,,,,,,,,,,,
255,ON24,PLA,,,9/14/2024 11:42:20,660679.87,795390.5,466411,643776.25,342673,551420.94,346534.19,193114.12,,,,,,,,,,,,,,,,,,,,,,,,
256,ON24,PLA,,,9/14/2024 11:42:30,685092.94,745466.56,415689.44,712369.69,403954.25,520987.09,316088.13,200352.25,,,,,,,,,,,,,,,,,,,,,,,,
257,ON24,PLA,,,9/14/2024 11:42:40,774178.63,714650,449514.81,654501.63,402663.25,495840.19,286950.22,221701.63,,,,,,,,,,,,,,,,,,,,,,,,
258,ON24,PLA,,,9/14/2024 11:42:50,716661.69,709326.19,491495.59,688669.37,419406.38,514155.75,254941.41,205343.67,,,,,,,,,,,,,,,,,,,,,,,,
259,ON25,PLA,,,9/14/2024 11:43:00,762839.94,778295.12,465309.28,605852.31,378668.47,454602.06,327274.41,227158.58,,,,,,,,,,,,,,,,,,,,,,,,
260,ON25,PLA,,,9/14/2024 11:43:10,770118.75,785330.13,432689.47,594546.56,355528.41,468188.75,358795.41,234801.84,,,,,,,,,,,,,,,,,,,,,,,,
261,ON25,PLA,,,9/14/2024 11:43:20,779692.19,753443.75,483885.5,620692.31,379989.88,436269.78,297529.59,248496.47,,,,,,,,,,,,,,,,,,,,,,,,
262,ON25,PLA,,,9/14/2024 11:43:30,789360,748861.38,455818.91,619796.5,368506.16,461389.75,298194.94,258072.28,,,,,,,,,,,,,,,,,,,,,,,,
263,ON26,PLA,,,9/14/2024 11:43:40,871145.19,739236,334551.66,524963.25,381499.81,392147.22,407297.62,349159.37,,,,,,,,,,,,,,,,,,,,,,,,
264,ON26,PLA,,,9/14/2024 11:43:50,883926,697717.87,262327.97,493253.41,349955.25,453127.34,464642.28,395050.72,,,,,,,,,,,,,,,,,,,,,,,,
265,ON26,PLA,,,9/14/2024 11:44:00,915638.81,663220.25,300612.22,510961.19,396990.72,445657.34,382882,384037.94,,,,,,,,,,,,,,,,,,,,,,,,
266,ON26,PLA,,,9/14/2024 11:44:10,918865.69,644221.44,313330.66,512099.22,368218.19,455613.84,335185.78,452464.62,,,,,,,,,,,,,,,,,,,,,,,,
267,ON27,PLA,,,9/14/2024 11:44:20,751346.5,790775.06,485438.56,595439.69,361927.06,448051.66,344569,222452.75,,,,,,,,,,,,,,,,,,,,,,,,
268,ON27,PLA,,,9/14/2024 11:44:30,776996.81,780310.19,420203.31,591822.19,350400.91,482098.78,355937.69,242229.12,,,,,,,,,,,,,,,,,,,,,,,,
269,ON27,PLA,,,9/14/2024 11:44:40,790009.63,747152.81,462099.31,627154.31,376574.94,438640.09,297728.88,260640.73,,,,,,,,,,,,,,,,,,,,,,,,
270,ON27,PLA,,,9/14/2024 11:44:50,771143.62,751386.13,469502,631975.81,394063.41,451012.75,290917.34,239998.92,,,,,,,,,,,,,,,,,,,,,,,,
271,ON28,PLA,,,9/14/2024 11:45:00,764103.12,750034.56,484923.06,632861.44,393866.03,450680.69,298128.91,225402.17,,,,,,,,,,,,,,,,,,,,,,,,
272,ON28,PLA,,,9/14/2024 11:45:10,790975.56,752323.06,461919.97,609737.25,368255.5,461707.75,291229,263852.47,,,,,,,,,,,,,,,,,,,,,,,,
273,ON28,PLA,,,9/14/2024 11:45:20,725498.19,746934.19,473389.25,624912.69,471668.09,462342.44,353122.5,142132.75,,,,,,,,,,,,,,,,,,,,,,,,
274,ON28,PLA,,,9/14/2024 11:45:30,757430.69,767027.94,458474.59,600239.19,407480.75,472451.59,352417.75,184478.19,,,,,,,,,,,,,,,,,,,,,,,,
275,ON29,PLA,,,9/14/2024 11:45:40,770791.5,785752.13,430237,590724.5,349367.66,474526.13,362625.25,235975.36,,,,,,,,,,,,,,,,,,,,,,,,
276,ON29,PLA,,,9/14/2024 11:45:50,753286.38,781704.12,472192.06,603777.38,365302.06,467372.44,338729.34,217635.88,,,,,,,,,,,,,,,,,,,,,,,,
277,ON29,PLA,,,9/14/2024 11:46:00,782364.13,749984.19,467873.47,627961.25,379865.44,442367.94,299092.72,250491.14,,,,,,,,,,,,,,,,,,,,,,,,
278,ON29,PLA,,,9/14/2024 11:46:10,769112.88,752107.31,463178.84,633396.5,405022.81,449625.5,293017.31,234538.75,,,,,,,,,,,,,,,,,,,,,,,,
279,ON30,PLA,,,9/14/2024 11:46:20,775966.69,779141.25,451538.81,603677.81,373360.66,441817.09,325168.91,249328.3,,,,,,,,,,,,,,,,,,,,,,,,
280,ON30,PLA,,,9/14/2024 11:46:30,793818.13,774583.69,418377.47,592275,358871.56,458479.78,339795.59,263798.38,,,,,,,,,,,,,,,,,,,,,,,,
281,ON30,PLA,,,9/14/2024 11:46:40,807543.12,742063.87,439247.03,608623.31,378638.59,456921.19,305701.66,261261.38,,,,,,,,,,,,,,,,,,,,,,,,
282,ON30,PLA,,,9/14/2024 11:46:50,798153.56,740752.25,476211,616899,372282.25,437935.22,300825.66,256941.94,,,,,,,,,,,,,,,,,,,,,,,,
283,ON31,PLA,,,9/14/2024 11:47:00,796208.88,772308.94,417437.03,598878.81,337450.28,454684.78,343026.09,280004.97,,,,,,,,,,,,,,,,,,,,,,,,
284,ON31,PLA,,,9/14/2024 11:47:10,782544.81,782024.31,455830.53,594920.5,345226.88,435243.97,342081.09,262127.28,,,,,,,,,,,,,,,,,,,,,,,,
285,ON31,PLA,,,9/14/2024 11:47:20,794541.75,734180.25,452133.97,634175.69,379152.25,454144.22,297101.13,254570.69,,,,,,,,,,,,,,,,,,,,,,,,
286,ON31,PLA,,,9/14/2024 11:47:30,767960.69,736676.13,469197.16,651380.62,400826.53,450605.91,296643.44,226709.77,,,,,,,,,,,,,,,,,,,,,,,,
287,ON32,PLA,,,9/14/2024 11:47:40,771549,775955.37,466395.34,606379.06,367279.41,444227.62,327227.59,240985.67,,,,,,,,,,,,,,,,,,,,,,,,
288,ON32,PLA,,,9/14/2024 11:47:50,779963.69,773237.5,433798.78,603330.37,371370.47,462372.84,332803.09,243123.22,,,,,,,,,,,,,,,,,,,,,,,,
289,ON32,PLA,,,9/14/2024 11:48:00,781936.31,746187.94,477745.66,632333.5,379157.19,433891.59,297918.81,250829.48,,,,,,,,,,,,,,,,,,,,,,,,
290,ON32,PLA,,,9/14/2024 11:48:10,765490.88,750645.19,478781.94,633104.56,396122.16,451644.75,295332.75,228878.13,,,,,,,,,,,,,,,,,,,,,,,,
291,ON33,PLA,,,9/14/2024 11:48:20,756079.19,764457.44,405204.81,623437.38,381600.84,512232.13,341602.09,215386.3,,,,,,,,,,,,,,,,,,,,,,,,
292,ON33,PLA,,,9/14/2024 11:48:30,746088.5,778826.44,448281.5,633579.25,371323.63,466078.09,327017.78,228804.61,,,,,,,,,,,,,,,,,,,,,,,,
293,ON33,PLA,,,9/14/2024 11:48:40,780038.63,738267.25,455187.06,639121.81,389284.47,463901.47,293537.53,240661.92,,,,,,,,,,,,,,,,,,,,,,,,
294,ON33,PLA,,,9/14/2024 11:48:50,775120.62,730164.31,480212.38,650089.06,385646.63,449940.44,294663.84,234163.3,,,,,,,,,,,,,,,,,,,,,,,,
295,ON34,PLA,,,9/14/2024 11:49:00,798977.06,737856.19,449168.25,624507.81,374124.88,457812.78,293728.72,263824.44,,,,,,,,,,,,,,,,,,,,,,,,
296,ON34,PLA,,,9/14/2024 11:49:10,765327.25,738430.37,466972.87,651139.25,399457.44,458611.31,290249.91,229811.91,,,,,,,,,,,,,,,,,,,,,,,,
297,ON34,PLA,,,9/14/2024 11:49:20,744620.56,775443.06,417975.97,626931.25,334801.34,498276.5,387396.88,214554.06,,,,,,,,,,,,,,,,,,,,,,,,
298,ON34,PLA,,,9/14/2024 11:49:30,731446.19,797426.25,449064.41,632393.94,408999.44,426550.75,325878.59,228239.8,,,,,,,,,,,,,,,,,,,,,,,,
299,ON35,PLA,,,9/14/2024 11:49:40,754683.06,792989.25,471104.34,599410.63,365480.84,437760.81,351760.06,226811.09,,,,,,,,,,,,,,,,,,,,,,,,
300,ON35,PLA,,,9/14/2024 11:49:50,768789.81,781769.81,448839.84,600712,363790.25,462149.34,336227.66,237720.7,,,,,,,,,,,,,,,,,,,,,,,,
301,ON35,PLA,,,9/14/2024 11:50:00,778314.5,749868.75,485891,620490.38,390256.66,441170.25,292606.84,241401.42,,,,,,,,,,,,,,,,,,,,,,,,
302,ON35,PLA,,,9/14/2024 11:50:10,760971.88,745928.44,481093.78,636871.56,403851.94,459396.97,289859,222026.45,,,,,,,,,,,,,,,,,,,,,,,,
303,ON36,PLA,,,9/14/2024 11:50:20,756464,773954,467903.84,625435.44,359218.44,454212.31,331048.62,231763.78,,,,,,,,,,,,,,,,,,,,,,,,
304,ON36,PLA,,,9/14/2024 11:50:30,766572.75,769622.5,432128.31,630573.06,360004.28,465189.84,331829.81,244080.02,,,,,,,,,,,,,,,,,,,,,,,,
305,ON36,PLA,,,9/14/2024 11:50:40,768726,742088.81,472701.25,651401.25,385394.66,443984.38,294814.56,240888.8,,,,,,,,,,,,,,,,,,,,,,,,
306,ON36,PLA,,,9/14/2024 11:50:50,749762.19,744340.63,466917.53,649969.44,411783.91,473830.75,287447.72,215947.45,,,,,,,,,,,,,,,,,,,,,,,,
307,ON37,PLA,,,9/14/2024 11:51:00,752619.44,792522.31,447123.59,607700.06,351101.41,450335.41,373527.44,225070.45,,,,,,,,,,,,,,,,,,,,,,,,
308,ON37,PLA,,,9/14/2024 11:51:10,759388.06,785876.56,441962.06,601665.38,370549.47,466465.59,353029.78,221062.91,,,,,,,,,,,,,,,,,,,,,,,,
309,ON37,PLA,,,9/14/2024 11:51:20,786175,746864.5,456263.84,629075.13,396238.66,436539.19,306232.47,242611.16,,,,,,,,,,,,,,,,,,,,,,,,
310,ON37,PLA,,,9/14/2024 11:51:30,770963.12,747402.31,474018.41,631994,398486.03,453114.31,289331.69,234690.47,,,,,,,,,,,,,,,,,,,,,,,,
311,ON38,PLA,,,9/14/2024 11:51:40,740062.62,783128.81,445640.34,639261.25,395271.87,452841.84,307988.63,235804.75,,,,,,,,,,,,,,,,,,,,,,,,
312,ON38,PLA,,,9/14/2024 11:51:50,746050.19,779013.56,449919.63,635156.13,357162.09,473593.59,315196.88,243907.58,,,,,,,,,,,,,,,,,,,,,,,,
313,ON38,PLA,,,9/14/2024 11:52:00,754441,753641.5,486389.91,641275.25,386122.66,457433.47,284177.66,236518.36,,,,,,,,,,,,,,,,,,,,,,,,
314,ON38,PLA,,,9/14/2024 11:52:10,747194.31,751101.37,467275.72,660890.56,382177.37,466061.44,286958.84,238340.17,,,,,,,,,,,,,,,,,,,,,,,,
315,ON39,PLA,,,9/14/2024 11:52:20,891549,721191.38,366781.38,496140.09,347678.5,406779.59,413506.25,356373.19,,,,,,,,,,,,,,,,,,,,,,,,
316,ON39,PLA,,,9/14/2024 11:52:30,888956.81,721185.38,371533.66,509244.5,355340,401508.72,406766.41,345465.22,,,,,,,,,,,,,,,,,,,,,,,,
317,ON39,PLA,,,9/14/2024 11:52:40,906691.19,684548.38,386614.22,534267.56,354097.28,368482.06,368744.03,396554.81,,,,,,,,,,,,,,,,,,,,,,,,
318,ON39,PLA,,,9/14/2024 11:52:50,868340,714522.75,355492.09,584127.69,397643.28,384354.78,356151.63,339368.16,,,,,,,,,,,,,,,,,,,,,,,,
319,ON43,TPU,,,9/14/2024 11:53:00,763126.31,773515.13,471886.91,652316.25,379229.03,319833.28,328746.94,311346.31,,,,,,,,,,,,,,,,,,,,,,,,
320,ON43,TPU,,,9/14/2024 11:53:10,765855.87,772071.63,475829.41,645081.88,390457.25,325222.25,334939.09,290541.81,,,,,,,,,,,,,,,,,,,,,,,,
321,ON43,TPU,,,9/14/2024 11:53:20,758919.69,793358.06,465155.25,629735.44,377199.09,337103,350168.41,288360.78,,,,,,,,,,,,,,,,,,,,,,,,
322,ON43,TPU,,,9/14/2024 11:53:30,769604.06,788733.94,459693.09,624716.31,376381.63,338312.31,348307.94,294250.91,,,,,,,,,,,,,,,,,,,,,,,,
323,ON42,TPU,,,9/14/2024 11:53:40,779767.5,785240.5,478067,603208.69,392060,329382.81,336902.88,295370.94,,,,,,,,,,,,,,,,,,,,,,,,
324,ON42,TPU,,,9/14/2024 11:53:50,775370.88,804118.88,483965.5,577803.13,370771.66,333831.94,352070.06,302067.94,,,,,,,,,,,,,,,,,,,,,,,,
325,ON42,TPU,,,9/14/2024 11:54:00,781793.19,792268.56,488961.16,585786,371631.88,324611,348927.34,306020.72,,,,,,,,,,,,,,,,,,,,,,,,
326,ON42,TPU,,,9/14/2024 11:54:10,769151.5,796284.25,481273.41,601272.25,386502.56,332704,337422.5,295389.88,,,,,,,,,,,,,,,,,,,,,,,,
327,ON41,TPU,,,9/14/2024 11:54:20,776267.5,806298.69,480036.25,574157.88,369997.31,334568.25,356163.56,302510.25,,,,,,,,,,,,,,,,,,,,,,,,
328,ON41,TPU,,,9/14/2024 11:54:30,777593.31,801945.06,485705.62,577446.31,370380.94,329694.09,351196.59,306038,,,,,,,,,,,,,,,,,,,,,,,,
329,ON41,TPU,,,9/14/2024 11:54:40,758906.75,794580.25,494523.12,607629.69,397403.37,332451.66,336184,278321.22,,,,,,,,,,,,,,,,,,,,,,,,
330,ON41,TPU,,,9/14/2024 11:54:50,776347,794427.13,485535.25,593792.31,375204.34,321947.5,339967.09,312779.16,,,,,,,,,,,,,,,,,,,,,,,,
331,ON40,TPU,,,9/14/2024 11:55:00,768482.5,796335.56,501755.47,591895.62,373828.72,329124.94,344024.44,294552.59,,,,,,,,,,,,,,,,,,,,,,,,
332,ON40,TPU,,,9/14/2024 11:55:10,767312.62,799321.19,507655.69,583780,375227.59,328677.75,345850.56,292174.16,,,,,,,,,,,,,,,,,,,,,,,,
333,ON40,TPU,,,9/14/2024 11:55:20,769323.44,793391.31,486628.44,600285,383305.47,350301.44,337440.91,279324.25,,,,,,,,,,,,,,,,,,,,,,,,
334,ON40,TPU,,,9/14/2024 11:55:30,762398.75,785942.69,510909.19,610192.81,386139,326202.03,332264.44,285951.22,,,,,,,,,,,,,,,,,,,,,,,,
335,calibration,calibration,,calibration,9/14/2024 11:55:40,291029.69,576057.94,480592.31,729570.38,736201.31,625589.5,211473.78,349480,,,,,,,,,,,,,,,,,,,,,,,,
336,calibration,calibration,,calibration,9/14/2024 11:55:50,295755.44,566666.81,486648.5,732103.56,735430.75,627737.25,209561.3,346083.66,,,,,,,,,,,,,,,,,,,,,,,,
337,calibration,calibration,,calibration,9/14/2024 11:56:00,306840.56,581264.75,525559.12,725620.5,723559.13,624643.94,246648.03,265851.38,,,,,,,,,,,,,,,,,,,,,,,,
338,calibration,calibration,,calibration,9/14/2024 11:56:10,263848.41,551942.13,485752.5,732782.19,746870.25,633643.69,258713.61,326451.31,,,,,,,,,,,,,,,,,,,,,,,,